{
  "1.jpg": [
    [
      827.8236694335938,
      268.5721435546875,
      920.4814453125,
      373.9860534667969
    ],
    [
      493.8091735839844,
      341.9167785644531,
      517.8650512695312,
      370.41766357421875
    ],
    [
      564.7288818359375,
      345.79779052734375,
      583.0399169921875,
      370.3312072753906
    ]
  ],
  "10.jpg": [],
  "100.jpg": [],
  "11.jpg": [
    [
      574.1939086914062,
      397.4784851074219,
      594.83642578125,
      421.40496826171875
    ],
    [
      724.2064819335938,
      369.51104736328125,
      747.3794555664062,
      399.9861755371094
    ],
    [
      670.1047973632812,
      371.15985107421875,
      689.1553955078125,
      391.9141845703125
    ],
    [
      533.1531982421875,
      395.725830078125,
      547.3197021484375,
      412.7637939453125
    ],
    [
      394.5672607421875,
      376.9927062988281,
      415.8887023925781,
      405.1395263671875
    ]
  ],
  "12.jpg": [
    [
      159.71307373046875,
      327.60394287109375,
      197.15640258789062,
      372.5516662597656
    ]
  ],
  "13.jpg": [
    [
      208.9547119140625,
      432.5093688964844,
      229.09909057617188,
      460.27239990234375
    ],
    [
      363.795654296875,
      363.1908874511719,
      399.40765380859375,
      419.1268005371094
    ]
  ],
  "14.jpg": [],
  "15.jpg": [],
  "16.jpg": [
    [
      854.1295776367188,
      338.4513854980469,
      903.5198974609375,
      411.6339416503906
    ],
    [
      614.888671875,
      347.92388916015625,
      633.9160766601562,
      376.27923583984375
    ],
    [
      680.3417358398438,
      346.5582580566406,
      702.467041015625,
      372.9542541503906
    ]
  ],
  "17.jpg": [
    [
      354.13165283203125,
      392.4420471191406,
      370.6727294921875,
      413.60284423828125
    ],
    [
      248.78414916992188,
      378.9310607910156,
      264.5054931640625,
      397.25140380859375
    ],
    [
      395.7508239746094,
      385.8663024902344,
      407.9445495605469,
      401.59210205078125
    ]
  ],
  "18.jpg": [],
  "19.jpg": [
    [
      595.1716918945312,
      314.8418273925781,
      627.9772338867188,
      355.8538818359375
    ],
    [
      229.83763122558594,
      354.0578918457031,
      250.37757873535156,
      379.161865234375
    ],
    [
      178.35140991210938,
      375.3726501464844,
      199.1977996826172,
      399.53143310546875
    ],
    [
      16.692522048950195,
      348.8708190917969,
      35.962642669677734,
      374.76556396484375
    ]
  ],
  "2.jpg": [
    [
      752.587890625,
      403.8888244628906,
      782.052734375,
      443.2080383300781
    ],
    [
      811.4349365234375,
      416.10748291015625,
      836.2623901367188,
      451.8728942871094
    ],
    [
      413.5245056152344,
      430.69573974609375,
      428.351318359375,
      449.70184326171875
    ],
    [
      510.4566650390625,
      426.2997131347656,
      529.3380737304688,
      450.00909423828125
    ]
  ],
  "20.jpg": [],
  "21.jpg": [
    [
      107.59487915039062,
      145.61363220214844,
      217.06715393066406,
      310.17181396484375
    ]
  ],
  "22.jpg": [
    [
      432.7638244628906,
      378.6886291503906,
      457.4339904785156,
      409.63641357421875
    ],
    [
      341.89361572265625,
      361.2666015625,
      364.0574035644531,
      385.5542297363281
    ]
  ],
  "23.jpg": [
    [
      190.94960021972656,
      405.3459167480469,
      220.7564239501953,
      437.8901062011719
    ],
    [
      325.6557922363281,
      428.1943359375,
      353.6065979003906,
      463.2841796875
    ],
    [
      26.453519821166992,
      421.20416259765625,
      50.2906379699707,
      448.36016845703125
    ],
    [
      424.056640625,
      439.5409851074219,
      435.5262756347656,
      454.28887939453125
    ]
  ],
  "24.jpg": [],
  "25.jpg": [
    [
      562.04638671875,
      345.0606994628906,
      606.343994140625,
      398.8398132324219
    ],
    [
      689.3465576171875,
      401.8887939453125,
      720.1272583007812,
      444.99365234375
    ],
    [
      319.4195556640625,
      428.0002746582031,
      335.4001159667969,
      449.5175476074219
    ]
  ],
  "26.jpg": [],
  "27.jpg": [
    [
      459.9602966308594,
      365.282470703125,
      479.17352294921875,
      390.3538513183594
    ],
    [
      534.7125244140625,
      375.6418151855469,
      551.7741088867188,
      396.7135925292969
    ],
    [
      427.3673400878906,
      378.8710632324219,
      447.28277587890625,
      405.3515625
    ]
  ],
  "28.jpg": [],
  "29.jpg": [],
  "3.jpg": [],
  "30.jpg": [
    [
      462.62506103515625,
      310.6585693359375,
      484.6844177246094,
      338.31689453125
    ],
    [
      422.8439025878906,
      310.96685791015625,
      441.9646301269531,
      332.5200500488281
    ],
    [
      353.52691650390625,
      317.62530517578125,
      367.61480712890625,
      334.8975830078125
    ]
  ],
  "31.jpg": [],
  "32.jpg": [],
  "33.jpg": [
    [
      259.7121276855469,
      328.16162109375,
      299.69439697265625,
      375.9119567871094
    ],
    [
      562.5927734375,
      359.46636962890625,
      571.0812377929688,
      370.5448303222656
    ],
    [
      618.98974609375,
      348.7227783203125,
      630.4545288085938,
      362.9908142089844
    ]
  ],
  "34.jpg": [
    [
      388.06427001953125,
      419.66253662109375,
      404.4174499511719,
      438.71514892578125
    ]
  ],
  "35.jpg": [],
  "36.jpg": [],
  "37.jpg": [],
  "38.jpg": [
    [
      308.38470458984375,
      441.08087158203125,
      325.0045471191406,
      460.8406982421875
    ]
  ],
  "39.jpg": [
    [
      480.6810607910156,
      374.81365966796875,
      493.7905578613281,
      391.547119140625
    ],
    [
      408.3445129394531,
      369.57989501953125,
      422.3509521484375,
      386.977783203125
    ],
    [
      445.0963134765625,
      377.200927734375,
      455.06341552734375,
      390.4046936035156
    ],
    [
      519.368896484375,
      377.0716552734375,
      532.173095703125,
      393.2976989746094
    ]
  ],
  "4.jpg": [
    [
      583.3480834960938,
      311.89892578125,
      613.7174072265625,
      350.8633728027344
    ],
    [
      697.7522583007812,
      311.48541259765625,
      722.4347534179688,
      348.32421875
    ],
    [
      447.2231140136719,
      307.9933776855469,
      471.2124938964844,
      334.2787780761719
    ],
    [
      401.2716064453125,
      325.69696044921875,
      421.25128173828125,
      350.3245849609375
    ]
  ],
  "40.jpg": [
    [
      423.3435974121094,
      313.1357116699219,
      437.2621765136719,
      329.94171142578125
    ]
  ],
  "41.jpg": [
    [
      58.878841400146484,
      334.1174621582031,
      81.21609497070312,
      362.0708312988281
    ],
    [
      290.34185791015625,
      317.91839599609375,
      315.8499755859375,
      348.1730651855469
    ],
    [
      141.39453125,
      310.4516906738281,
      165.73680114746094,
      346.855712890625
    ],
    [
      404.3026428222656,
      379.5876159667969,
      424.445556640625,
      404.34375
    ]
  ],
  "42.jpg": [],
  "43.jpg": [],
  "44.jpg": [
    [
      355.59326171875,
      371.2575378417969,
      392.55859375,
      418.6631164550781
    ]
  ],
  "45.jpg": [
    [
      521.0592041015625,
      358.228271484375,
      534.505859375,
      374.66900634765625
    ]
  ],
  "46.jpg": [],
  "47.jpg": [],
  "48.jpg": [],
  "49.jpg": [],
  "5.jpg": [],
  "50.jpg": [],
  "51.jpg": [
    [
      539.5496215820312,
      348.7398681640625,
      568.5033569335938,
      384.5181884765625
    ]
  ],
  "52.jpg": [],
  "53.jpg": [],
  "54.jpg": [],
  "55.jpg": [],