{
  "1.jpg": [
    [
      828.1228637695312,
      268.65350341796875,
      920.5350952148438,
      373.8871154785156
    ],
    [
      493.9297180175781,
      341.75604248046875,
      517.70849609375,
      370.6831359863281
    ],
    [
      564.7448120117188,
      345.61358642578125,
      582.7464599609375,
      370.40924072265625
    ]
  ],
  "10.jpg": [],
  "100.jpg": [],
  "11.jpg": [
    [
      574.4696044921875,
      398.59112548828125,
      594.5817260742188,
      421.4153747558594
    ],
    [
      669.77197265625,
      370.2137756347656,
      689.4547119140625,
      392.0879821777344
    ],
    [
      724.1626586914062,
      371.2280578613281,
      746.06884765625,
      399.2228088378906
    ],
    [
      533.3761596679688,
      395.521240234375,
      548.2269287109375,
      413.9692077636719
    ],
    [
      393.96759033203125,
      376.2606506347656,
      414.59442138671875,
      402.8927917480469
    ]
  ],
  "12.jpg": [
    [
      160.57461547851562,
      328.5703125,
      197.0406036376953,
      372.41290283203125
    ]
  ],
  "13.jpg": [
    [
      364.756103515625,
      364.4119873046875,
      399.8248596191406,
      417.9012756347656
    ],
    [
      208.27655029296875,
      432.5945129394531,
      228.5158233642578,
      460.4573059082031
    ]
  ],
  "14.jpg": [],
  "15.jpg": [],
  "16.jpg": [
    [
      856.9765014648438,
      338.3670349121094,
      903.4168701171875,
      407.309326171875
    ],
    [
      682.2802124023438,
      348.74420166015625,
      703.2442016601562,
      372.26416015625
    ],
    [
      613.459716796875,
      348.1993408203125,
      630.68798828125,
      374.5173034667969
    ]
  ],
  "17.jpg": [
    [
      354.13580322265625,
      392.82647705078125,
      370.07269287109375,
      413.2589416503906
    ],
    [
      248.76576232910156,
      377.9335021972656,
      264.2543029785156,
      396.1190185546875
    ],
    [
      395.5022888183594,
      386.05950927734375,
      408.24755859375,
      402.0928955078125
    ]
  ],
  "18.jpg": [],
  "19.jpg": [
    [
      230.0547332763672,
      353.7770690917969,
      250.00340270996094,
      379.16485595703125
    ],
    [
      594.7700805664062,
      314.27874755859375,
      628.0960083007812,
      355.58367919921875
    ],
    [
      178.5611572265625,
      375.60235595703125,
      199.91383361816406,
      398.8280944824219
    ],
    [
      17.194868087768555,
      348.9623718261719,
      37.59608840942383,
      374.9180908203125
    ]
  ],
  "2.jpg": [
    [
      752.7392578125,
      404.05804443359375,
      782.195068359375,
      443.2618408203125
    ],
    [
      812.0081176757812,
      416.208251953125,
      836.31689453125,
      451.82525634765625
    ],
    [
      414.24609375,
      431.06793212890625,
      428.1920166015625,
      449.3241271972656
    ],
    [
      512.2230834960938,
      426.87078857421875,
      530.580322265625,
      449.6073913574219
    ]
  ],
  "20.jpg": [],
  "21.jpg": [
    [
      108.32595825195312,
      146.59986877441406,
      215.5426483154297,
      309.75927734375
    ]
  ],
  "22.jpg": [
    [
      432.8799133300781,
      380.1996154785156,
      456.83526611328125,
      409.044677734375
    ],
    [
      342.64794921875,
      360.125244140625,
      363.3687438964844,
      383.2850646972656
    ]
  ],
  "23.jpg": [
    [
      190.90774536132812,
      405.7958984375,
      219.34988403320312,
      436.6918029785156
    ],
    [
      325.8691711425781,
      430.47149658203125,
      351.1934814453125,
      462.4625549316406
    ],
    [
      26.309450149536133,
      421.34100341796875,
      49.81519317626953,
      448.09356689453125
    ],
    [
      423.9380187988281,
      439.4344787597656,
      435.2503967285156,
      453.7702941894531
    ],
    [
      301.9994201660156,
      438.2774963378906,
      315.8213195800781,
      455.96405029296875
    ]
  ],
  "24.jpg": [],
  "25.jpg": [
    [
      563.9857788085938,
      344.3782653808594,
      606.18359375,
      398.27740478515625
    ],
    [
      689.1959838867188,
      402.99127197265625,
      720.0939331054688,
      445.06756591796875
    ],
    [
      319.88665771484375,
      428.37066650390625,
      335.01031494140625,
      449.5841979980469
    ]
  ],
  "26.jpg": [
    [
      996.3572387695312,
      351.41949462890625,
      1022.89208984375,
      393.175537109375
    ]
  ],
  "27.jpg": [
    [
      535.272216796875,
      376.4470520019531,
      550.9300537109375,
      395.97796630859375
    ],
    [
      427.6507568359375,
      377.92706298828125,
      446.87896728515625,
      403.989990234375
    ]
  ],
  "28.jpg": [],
  "29.jpg": [
    [
      176.78358459472656,
      460.0059509277344,
      200.0963134765625,
      485.5626220703125
    ]
  ],
  "3.jpg": [],
  "30.jpg": [
    [
      462.7830505371094,
      310.7280578613281,
      484.8636779785156,
      338.152587890625
    ],
    [
      423.19757080078125,
      311.6366882324219,
      441.41583251953125,
      332.50653076171875
    ]
  ],
  "31.jpg": [],
  "32.jpg": [],
  "33.jpg": [
    [
      258.9246826171875,
      327.16082763671875,
      300.35137939453125,
      375.72161865234375
    ]
  ],
  "34.jpg": [
    [
      388.53277587890625,
      419.8755187988281,
      403.8437194824219,
      438.5535583496094
    ]
  ],
  "35.jpg": [
    [
      428.26055908203125,
      331.1932678222656,
      437.1565856933594,
      342.1856994628906
    ]
  ],
  "36.jpg": [],
  "37.jpg": [
    [
      466.85455322265625,
      317.4244079589844,
      479.6283874511719,
      333.46002197265625
    ]
  ],
  "38.jpg": [
    [
      307.84234619140625,
      440.925048828125,
      325.9128112792969,
      462.07073974609375
    ],
    [
      274.2744445800781,
      439.2586975097656,
      292.1374206542969,
      460.28704833984375
    ]
  ],
  "39.jpg": [
    [
      480.8652038574219,
      375.5077209472656,
      494.01177978515625,
      392.1377868652344
    ],
    [
      407.8317565917969,
      370.023193359375,
      421.6298522949219,
      387.2193603515625
    ],
    [
      519.91796875,
      377.03466796875,
      531.675048828125,
      392.09161376953125
    ]
  ],
  "4.jpg": [
    [
      583.8930053710938,
      311.8209533691406,
      613.604248046875,
      349.7309875488281
    ],
    [
      447.24554443359375,
      308.72296142578125,
      471.03033447265625,
      334.5726318359375
    ],
    [
      698.1231079101562,
      311.2821350097656,
      722.0299072265625,
      346.64483642578125
    ],
    [
      401.24090576171875,
      326.5082092285156,
      421.6641845703125,
      349.56884765625
    ]
  ],
  "40.jpg": [
    [
      424.0641784667969,
      314.06201171875,
      437.36492919921875,
      330.00567626953125
    ]
  ],
  "41.jpg": [
    [
      58.382896423339844,
      333.4047546386719,
      81.61309051513672,
      361.8619079589844
    ],
    [
      290.0975646972656,
      318.1889343261719,
      315.5213623046875,
      348.6868896484375
    ],
    [
      143.2913360595703,
      312.32427978515625,
      164.82192993164062,
      345.7083435058594
    ],
    [
      404.0397033691406,
      380.6422119140625,
      425.42633056640625,
      404.8277282714844
    ],
    [
      346.2978515625,
      350.2366638183594,
      361.6830139160156,
      367.4730224609375
    ]
  ],
  "42.jpg": [],
  "43.jpg": [],
  "44.jpg": [
    [
      355.63885498046875,
      371.5240173339844,
      392.1181640625,
      418.66766357421875
    ]
  ],
  "45.jpg": [
    [
      520.7511596679688,
      358.3392028808594,
      536.251220703125,
      376.4489440917969
    ]
  ],
  "46.jpg": [],
  "47.jpg": [],
  "48.jpg": [],
  "49.jpg": [],