{
  "1.jpg": [
    [
      828.1109619140625,
      269.09478759765625,
      920.21630859375,
      374.0599365234375
    ],
    [
      493.8283996582031,
      342.0047912597656,
      517.8692626953125,
      370.53839111328125
    ],
    [
      564.7295532226562,
      345.5932312011719,
      582.7891235351562,
      370.375
    ]
  ],
  "10.jpg": [],
  "100.jpg": [],
  "11.jpg": [
    [
      574.1521606445312,
      397.7144470214844,
      594.7544555664062,
      421.4919738769531
    ],
    [
      724.2129516601562,
      370.1329040527344,
      747.13427734375,
      399.6735534667969
    ],
    [
      669.8065185546875,
      370.6174011230469,
      689.6259765625,
      392.1929931640625
    ],
    [
      532.9692993164062,
      395.4701843261719,
      547.5936889648438,
      413.2433776855469
    ],
    [
      394.61004638671875,
      376.9746398925781,
      415.4873352050781,
      404.3305358886719
    ]
  ],
  "12.jpg": [
    [
      159.83287048339844,
      327.6003723144531,
      197.06788635253906,
      372.4761047363281
    ]
  ],
  "13.jpg": [
    [
      209.21046447753906,
      432.78558349609375,
      229.46450805664062,
      460.43780517578125
    ],
    [
      364.51739501953125,
      364.03167724609375,
      399.1770324707031,
      416.44207763671875
    ]
  ],
  "14.jpg": [],
  "15.jpg": [],
  "16.jpg": [
    [
      854.86279296875,
      338.6556091308594,
      903.577880859375,
      409.6734313964844
    ],
    [
      614.5697631835938,
      347.8987731933594,
      633.3595581054688,
      376.154052734375
    ],
    [
      679.87109375,
      346.2428283691406,
      702.4907836914062,
      373.263916015625
    ]
  ],
  "17.jpg": [
    [
      353.8367004394531,
      392.5284423828125,
      370.2655029296875,
      413.76483154296875
    ],
    [
      248.77581787109375,
      378.93292236328125,
      264.7861633300781,
      397.7100830078125
    ],
    [
      395.6363525390625,
      385.84417724609375,
      407.75732421875,
      401.4856262207031
    ]
  ],
  "18.jpg": [],
  "19.jpg": [
    [
      595.21142578125,
      315.2062683105469,
      628.1257934570312,
      355.8716735839844
    ],
    [
      229.7865447998047,
      354.2421569824219,
      250.194091796875,
      379.28863525390625
    ],
    [
      178.39187622070312,
      375.4284973144531,
      199.28443908691406,
      399.3521423339844
    ],
    [
      16.379688262939453,
      348.4521484375,
      35.91047668457031,
      375.3364562988281
    ]
  ],
  "2.jpg": [
    [
      752.61376953125,
      404.1181945800781,
      782.0943603515625,
      443.08135986328125
    ],
    [
      811.3836669921875,
      416.572021484375,
      836.2935180664062,
      451.8440856933594
    ],
    [
      413.81427001953125,
      431.0787658691406,
      428.35235595703125,
      449.61395263671875
    ],
    [
      511.69671630859375,
      426.43939208984375,
      530.2534790039062,
      449.8794250488281
    ]
  ],
  "20.jpg": [],
  "21.jpg": [
    [
      108.8377914428711,
      147.09707641601562,
      215.894775390625,
      310.6418762207031
    ]
  ],
  "22.jpg": [
    [
      432.6902160644531,
      379.3354797363281,
      457.32275390625,
      409.5415344238281
    ],
    [
      342.2867431640625,
      361.2716369628906,
      364.0509948730469,
      385.21112060546875
    ]
  ],
  "23.jpg": [
    [
      190.89610290527344,
      405.5401306152344,
      220.3380126953125,
      437.33746337890625
    ],
    [
      325.51885986328125,
      428.5943298339844,
      353.6324462890625,
      463.50836181640625
    ],
    [
      26.246185302734375,
      420.058837890625,
      50.644386291503906,
      448.36285400390625
    ],
    [
      423.8049621582031,
      439.3684997558594,
      435.3231506347656,
      454.3642272949219
    ]
  ],
  "24.jpg": [],
  "25.jpg": [
    [
      561.9398193359375,
      344.4783630371094,
      606.1881713867188,
      398.61456298828125
    ],
    [
      689.500244140625,
      402.8272705078125,
      720.4366455078125,
      444.80120849609375
    ],
    [
      319.6451721191406,
      428.0875244140625,
      335.56494140625,
      449.499755859375
    ]
  ],
  "26.jpg": [],
  "27.jpg": [
    [
      534.6393432617188,
      376.0366516113281,
      551.5241088867188,
      397.2418518066406
    ],
    [
      460.10821533203125,
      365.4335021972656,
      478.9781799316406,
      389.45428466796875
    ],
    [
      426.89837646484375,
      378.691162109375,
      446.85345458984375,
      404.92681884765625
    ]
  ],
  "28.jpg": [],
  "29.jpg": [
    [
      177.2897186279297,
      460.3144836425781,
      200.05503845214844,
      485.77020263671875
    ]
  ],
  "3.jpg": [],
  "30.jpg": [
    [
      462.666015625,
      310.9541931152344,
      484.7414855957031,
      338.1222229003906
    ],
    [
      422.93109130859375,
      310.7485046386719,
      441.89495849609375,
      332.3840026855469
    ],
    [
      353.6039733886719,
      317.831298828125,
      367.6748352050781,
      335.2378234863281
    ]
  ],
  "31.jpg": [],
  "32.jpg": [],
  "33.jpg": [
    [
      261.7767333984375,
      330.6369323730469,
      300.9176940917969,
      376.9309997558594
    ],
    [
      562.6259155273438,
      359.4461975097656,
      571.154541015625,
      370.5291748046875
    ],
    [
      618.7704467773438,
      348.89630126953125,
      630.1781616210938,
      363.07672119140625
    ]
  ],
  "34.jpg": [
    [
      387.85028076171875,
      419.6152648925781,
      404.28125,
      438.98785400390625
    ]
  ],
  "35.jpg": [],
  "36.jpg": [],
  "37.jpg": [],
  "38.jpg": [
    [
      307.9888916015625,
      440.9598693847656,
      325.0574951171875,
      461.281494140625
    ]
  ],
  "39.jpg": [
    [
      480.52044677734375,
      374.8175354003906,
      493.83953857421875,
      391.7627258300781
    ],
    [
      408.1859436035156,
      369.4765625,
      422.51519775390625,
      387.49456787109375
    ],
    [
      424.7041931152344,
      369.1209716796875,
      434.78240966796875,
      382.28814697265625
    ]
  ],
  "4.jpg": [
    [
      583.07275390625,
      311.633056640625,
      613.8448486328125,
      351.1711120605469
    ],
    [
      697.6600952148438,
      311.6471862792969,
      722.0811157226562,
      347.4432678222656
    ],
    [
      401.5168151855469,
      325.8537292480469,
      421.4227600097656,
      349.86700439453125
    ],
    [
      447.64801025390625,
      308.6232604980469,
      471.23504638671875,
      334.3584289550781
    ]
  ],
  "40.jpg": [
    [
      423.4673767089844,
      313.5180969238281,
      436.79248046875,
      329.7568054199219
    ]
  ],
  "41.jpg": [
    [
      58.966552734375,
      333.8324279785156,
      81.45565795898438,
      362.14080810546875
    ],
    [
      290.17498779296875,
      317.9739685058594,
      315.90972900390625,
      348.8600769042969
    ],
    [
      141.90565490722656,
      311.3843688964844,
      165.4530487060547,
      346.3260498046875
    ],
    [
      403.9161376953125,
      379.4493408203125,
      423.8617248535156,
      404.2615051269531
    ],
    [
      344.911865234375,
      349.5089111328125,
      361.5732116699219,
      368.2519226074219
    ]
  ],
  "42.jpg": [],
  "43.jpg": [],
  "44.jpg": [
    [
      354.31951904296875,
      370.1651306152344,
      392.38287353515625,
      418.7840881347656
    ]
  ],
  "45.jpg": [
    [
      521.0779418945312,
      358.58062744140625,
      534.8687744140625,
      375.295166015625
    ]
  ],
  "46.jpg": [],
  "47.jpg": [],
  "48.jpg": [],
  "49.jpg": [],
  "5.jpg": [
    [
      977.0980834960938,
      261.1773376464844,
      1019.2708129882812,
      341.1018371582031
    ]
  ],
  "50.jpg": [],
  "51.jpg": [
    [
      539.6761474609375,
      348.493896484375,
      568.5551147460938,
      384.3570556640625
    ]
  ],
  "52.jpg": [],