{
  "1.jpg": [
    [
      829.387939453125,
      268.117431640625,
      920.295166015625,
      375.97930908203125
    ],
    [
      494.8821105957031,
      341.72076416015625,
      517.0982055664062,
      370.9783935546875
    ]
  ],
  "10.jpg": [],
  "100.jpg": [],
  "11.jpg": [],
  "12.jpg": [
    [
      161.203857421875,
      328.7435302734375,
      196.5675048828125,
      372.6196594238281
    ]
  ],
  "13.jpg": [
    [
      363.0018005371094,
      364.21270751953125,
      397.6884460449219,
      414.1810607910156
    ]
  ],
  "14.jpg": [],
  "15.jpg": [],
  "16.jpg": [
    [
      857.7977905273438,
      337.6344909667969,
      903.8466796875,
      408.1391906738281
    ]
  ],
  "17.jpg": [],
  "18.jpg": [],
  "19.jpg": [
    [
      15.24170970916748,
      347.43389892578125,
      32.43648910522461,
      374.01141357421875
    ],
    [
      230.2454376220703,
      355.0600891113281,
      249.3620147705078,
      378.5385437011719
    ]
  ],
  "2.jpg": [
    [
      753.5140380859375,
      403.6064453125,
      782.6424560546875,
      442.4419860839844
    ],
    [
      812.875244140625,
      418.64453125,
      835.7539672851562,
      451.7970275878906
    ],
    [
      514.0203857421875,
      424.5137634277344,
      532.3583984375,
      450.5129699707031
    ]
  ],
  "20.jpg": [],
  "21.jpg": [
    [
      113.18193054199219,
      153.4453887939453,
      214.66543579101562,
      312.234619140625
    ]
  ],
  "22.jpg": [
    [
      341.9525451660156,
      361.3143615722656,
      363.3078308105469,
      386.60406494140625
    ]
  ],
  "23.jpg": [
    [
      26.24371910095215,
      417.9653625488281,
      50.65431213378906,
      448.349609375
    ],
    [
      329.2106628417969,
      429.8338317871094,
      354.781005859375,
      463.775390625
    ],
    [
      192.24839782714844,
      406.8265075683594,
      218.7201385498047,
      437.33758544921875
    ]
  ],
  "24.jpg": [],
  "25.jpg": [],
  "26.jpg": [],
  "27.jpg": [
    [
      534.6912841796875,
      378.0276794433594,
      550.3615112304688,
      398.18463134765625
    ],
    [
      426.9706115722656,
      378.950439453125,
      445.50634765625,
      404.06365966796875
    ],
    [
      458.86810302734375,
      364.7209777832031,
      478.90045166015625,
      388.8110046386719
    ]
  ],
  "28.jpg": [],
  "29.jpg": [
    [
      176.05970764160156,
      461.3915100097656,
      198.62977600097656,
      487.0028076171875
    ]
  ],
  "3.jpg": [],
  "30.jpg": [
    [
      464.0760803222656,
      311.7853698730469,
      484.93408203125,
      337.63604736328125
    ],
    [
      423.24285888671875,
      310.40771484375,
      441.2867736816406,
      332.3751220703125
    ]
  ],
  "31.jpg": [],
  "32.jpg": [],
  "33.jpg": [],
  "34.jpg": [],
  "35.jpg": [],
  "36.jpg": [],
  "37.jpg": [],
  "38.jpg": [
    [
      306.6885986328125,
      441.59930419921875,
      325.5963134765625,
      462.8009033203125
    ]
  ],
  "39.jpg": [
    [
      408.7086486816406,
      369.8143310546875,
      422.9715881347656,
      387.0936584472656
    ]
  ],
  "4.jpg": [],
  "40.jpg": [],
  "41.jpg": [
    [
      58.4351921081543,
      335.25311279296875,
      78.77771759033203,
      362.9696350097656
    ]
  ],
  "42.jpg": [],
  "43.jpg": [],
  "44.jpg": [],
  "45.jpg": [],
  "46.jpg": [],
  "47.jpg": [],
  "48.jpg": [],
  "49.jpg": [],
  "5.jpg": [],
  "50.jpg": [],
  "51.jpg": [
    [
      539.6354370117188,
      348.42156982421875,
      568.3679809570312,
      384.8221435546875
    ]
  ],
  "52.jpg": [],
  "53.jpg": [],
  "54.jpg": [],
  "55.jpg": [],
  "56.jpg": [
    [
      961.4528198242188,
      434.0343017578125,
      979.7765502929688,
      459.850830078125
    ],
    [
      427.34442138671875,
      344.71343994140625,
      453.9293212890625,
      394.6749267578125
    ],
    [
      758.651611328125,
      423.64434814453125,
      773.9547729492188,
      447.5090026855469
    ]
  ],
  "57.jpg": [],
  "58.jpg": [],
  "59.jpg": [],
  "6.jpg": [],
  "60.jpg": [],
  "61.jpg": [],
  "62.jpg": [],
  "63.jpg": [],
  "64.jpg": [],
  "65.jpg": [
    [
      796.927734375,
      338.96685791015625,
      817.2801513671875,
      364.98980712890625
    ],
    [
      737.3526000976562,
      322.5472412109375,
      760.0722045898438,
      347.82696533203125
    ]
  ],
  "66.jpg": [],
  "67.jpg": [],
  "68.jpg": [],
  "69.jpg": [],
  "7.jpg": [],
  "70.jpg": [],
  "71.jpg": [],
  "72.jpg": [],
  "73.jpg": [],
  "74.jpg": [],
  "75.jpg": [],
  "76.jpg": [],
  "77.jpg": [],
  "78.jpg": [],
  "79.jpg": [],
  "8.jpg": [
    [
      769.9967651367188,
      338.5146484375,
      806.9535522460938,
      387.4864807128906
    ],
    [
      823.17041015625,
      355.6123046875,
      866.2371215820312,
      403.6300964355469
    ]
  ],
  "80.jpg": [],
  "81.jpg": [
    [
      766.0429077148438,
      434.8585510253906,
      840.7261962890625,
      530.170166015625
    ],
    [
      496.8039855957031,
      333.5892028808594,
      530.730224609375,
      381.9420166015625
    ]
  ],
  "82.jpg": [],
  "83.jpg": [],
  "84.jpg": [
    [
      787.5565185546875,
      364.67071533203125,
      811.0007934570312,
      399.25897216796875
    ],
    [
      860.8403930664062,
      386.23089599609375,
      885.9697265625,
      417.2439880371094
    ]
  ],
  "85.jpg": [],
  "86.jpg": [],
  "87.jpg": [],
  "88.jpg": [],
  "89.jpg": [],
  "9.jpg": [
    [
      56.394371032714844,
      333.2511291503906,
      84.8938980102539,
      377.31524658203125
    ]
  ],
  "90.jpg": [],
  "91.jpg": [],
  "92.jpg": [
    [
      1015.4119873046875,
      270.1405029296875,
      1063.795654296875,
      337.5617980957031
    ],
    [
      905.06396484375,
      340.2042541503906,
      968.144775390625,
      408.5182800292969
    ],
    [
      786.889404296875,
      395.52252197265625,
      808.1417236328125,
      423.1524963378906
    ],
    [
      690.0400390625,
      364.6787414550781,
      766.6184692382812,
      453.5958557128906
    ]
  ],
  "93.jpg": [],
  "94.jpg": [],
  "95.jpg": [
    [
      856.3228149414062,
      394.1188659667969,
      885.2978515625,
      429.0283203125
    ],
    [
      913.9168701171875,
      423.0074462890625,
      939.2042236328125,
      458.025390625
    ],
    [
      451.8800354003906,
      431.03839111328125,
      466.1944274902344,
      451.184326171875
    ],
    [
      630.1106567382812,
      432.3569641113281,
      646.1956787109375,
      450.0795593261719
    ],
    [
      415.92376708984375,
      426.3641357421875,
      429.87945556640625,
      443.56787109375
    ],
    [
      369.5138854980469,
      446.0525817871094,
      383.9820861816406,
      465.2659606933594
    ]
  ],
  "96.jpg": [],
  "97.jpg": [],
  "98.jpg": [],
  "99.jpg": []
}