{
  "1.jpg": [
    [
      827.7597045898438,
      269.81146240234375,
      919.2544555664062,
      373.6237487792969
    ],
    [
      494.1360168457031,
      341.9993896484375,
      517.6966552734375,
      370.32659912109375
    ],
    [
      564.8236694335938,
      346.27069091796875,
      582.4142456054688,
      370.18670654296875
    ]
  ],
  "10.jpg": [],
  "100.jpg": [
    [
      492.2906799316406,
      449.92559814453125,
      507.1905517578125,
      467.4978332519531
    ]
  ],
  "11.jpg": [
    [
      574.8072509765625,
      399.15625,
      594.235595703125,
      420.939453125
    ],
    [
      724.3197021484375,
      370.2562561035156,
      746.0079345703125,
      399.0270080566406
    ],
    [
      670.2884521484375,
      371.42559814453125,
      688.9005126953125,
      392.2944641113281
    ],
    [
      393.9237365722656,
      376.7097473144531,
      415.54034423828125,
      403.8609313964844
    ],
    [
      532.5715942382812,
      395.992919921875,
      547.38916015625,
      413.6822509765625
    ]
  ],
  "12.jpg": [
    [
      160.20640563964844,
      328.4861145019531,
      197.06219482421875,
      372.56121826171875
    ]
  ],
  "13.jpg": [
    [
      365.57635498046875,
      364.7826843261719,
      397.8905334472656,
      414.0923156738281
    ],
    [
      209.18235778808594,
      431.56268310546875,
      229.3307647705078,
      460.01031494140625
    ]
  ],
  "14.jpg": [],
  "15.jpg": [],
  "16.jpg": [
    [
      857.1221313476562,
      337.2698669433594,
      904.31005859375,
      406.8224182128906
    ],
    [
      613.8526611328125,
      347.8976135253906,
      631.4409790039062,
      374.37945556640625
    ],
    [
      681.4979248046875,
      347.8971862792969,
      703.6350708007812,
      372.5070495605469
    ]
  ],
  "17.jpg": [
    [
      353.97186279296875,
      393.0573425292969,
      370.1708679199219,
      413.1765441894531
    ],
    [
      247.4403533935547,
      380.0169982910156,
      262.98736572265625,
      397.97869873046875
    ],
    [
      396.6698913574219,
      386.3598937988281,
      408.71807861328125,
      401.4550476074219
    ]
  ],
  "18.jpg": [],
  "19.jpg": [
    [
      594.9190063476562,
      313.8409423828125,
      629.5750122070312,
      355.39093017578125
    ],
    [
      178.3317413330078,
      375.5232238769531,
      199.61915588378906,
      399.2052307128906
    ],
    [
      229.95762634277344,
      353.7577819824219,
      250.10939025878906,
      379.37225341796875
    ],
    [
      17.48525619506836,
      347.3837585449219,
      33.949668884277344,
      373.5889892578125
    ]
  ],
  "2.jpg": [
    [
      752.599853515625,
      404.2370910644531,
      782.5800170898438,
      442.8548278808594
    ],
    [
      812.0850830078125,
      417.856201171875,
      836.7173461914062,
      452.2571105957031
    ],
    [
      512.9194946289062,
      426.51312255859375,
      530.2276611328125,
      448.48065185546875
    ],
    [
      415.187744140625,
      431.5679016113281,
      428.6470947265625,
      448.5469970703125
    ]
  ],
  "20.jpg": [],
  "21.jpg": [
    [
      113.2030258178711,
      149.6385040283203,
      215.41128540039062,
      311.04296875
    ]
  ],
  "22.jpg": [
    [
      432.91802978515625,
      380.32574462890625,
      456.805419921875,
      409.2151794433594
    ],
    [
      342.0425720214844,
      360.8153381347656,
      363.5865478515625,
      385.0386657714844
    ]
  ],
  "23.jpg": [
    [
      190.34388732910156,
      405.0695495605469,
      219.41531372070312,
      436.2685546875
    ],
    [
      327.6689147949219,
      430.0888366699219,
      352.5005187988281,
      463.5032043457031
    ],
    [
      26.584917068481445,
      420.0187683105469,
      50.43537902832031,
      447.8780517578125
    ],
    [
      423.041748046875,
      440.31085205078125,
      434.7087097167969,
      455.0160217285156
    ],
    [
      301.99237060546875,
      437.9546813964844,
      315.9917907714844,
      456.12921142578125
    ]
  ],
  "24.jpg": [],
  "25.jpg": [
    [
      563.6730346679688,
      343.9869079589844,
      606.5993041992188,
      397.65069580078125
    ],
    [
      688.3082275390625,
      403.9626159667969,
      720.4026489257812,
      445.27471923828125
    ]
  ],
  "26.jpg": [],
  "27.jpg": [
    [
      534.5616455078125,
      376.9356994628906,
      550.8494873046875,
      397.7187805175781
    ],
    [
      459.2037353515625,
      363.921875,
      478.5884704589844,
      389.13153076171875
    ],
    [
      426.8382568359375,
      377.8675842285156,
      446.2010803222656,
      404.3905944824219
    ]
  ],
  "28.jpg": [],
  "29.jpg": [
    [
      176.83168029785156,
      460.7578430175781,
      199.74334716796875,
      486.05926513671875
    ]
  ],
  "3.jpg": [],
  "30.jpg": [
    [
      462.8896179199219,
      310.7267761230469,
      484.99761962890625,
      338.474365234375
    ],
    [
      423.6334533691406,
      311.0145263671875,
      441.2414855957031,
      331.8798522949219
    ],
    [
      353.96337890625,
      317.1414489746094,
      368.1623840332031,
      334.5158996582031
    ]
  ],
  "31.jpg": [],
  "32.jpg": [],
  "33.jpg": [
    [
      259.33770751953125,
      325.5362548828125,
      301.06646728515625,
      375.1508483886719
    ]
  ],
  "34.jpg": [
    [
      387.6157531738281,
      419.39495849609375,
      403.4942932128906,
      439.2402648925781
    ]
  ],
  "35.jpg": [
    [
      427.5415344238281,
      331.0115966796875,
      437.5600891113281,
      343.69305419921875
    ]
  ],
  "36.jpg": [],
  "37.jpg": [],
  "38.jpg": [
    [
      307.1125793457031,
      440.743896484375,
      325.81744384765625,
      462.37945556640625
    ],
    [
      275.1376037597656,
      440.34283447265625,
      292.0784606933594,
      459.65838623046875
    ]
  ],
  "39.jpg": [
    [
      480.7561340332031,
      375.1766357421875,
      493.63226318359375,
      391.9001159667969
    ],
    [
      407.9278869628906,
      369.20147705078125,
      422.7893981933594,
      387.4434814453125
    ],
    [
      519.2993774414062,
      376.91314697265625,
      531.7525634765625,
      392.96185302734375
    ]
  ],
  "4.jpg": [
    [
      583.4594116210938,
      311.26556396484375,
      613.670166015625,
      349.3625793457031
    ],
    [
      698.117919921875,
      311.56683349609375,
      721.5963745117188,
      347.1326904296875
    ],
    [
      446.8699035644531,
      307.3526611328125,
      471.5318298339844,
      334.4698486328125
    ],
    [
      401.875244140625,
      326.21868896484375,
      421.87786865234375,
      348.74017333984375
    ]
  ],
  "40.jpg": [
    [
      423.9600524902344,
      313.2996826171875,
      436.9851379394531,
      329.447265625
    ]
  ],
  "41.jpg": [
    [
      290.1973571777344,
      318.69708251953125,
      316.9276123046875,
      348.8277587890625
    ],
    [
      58.67110061645508,
      334.0077209472656,
      79.68571472167969,
      362.3078308105469
    ],
    [
      143.25308227539062,
      312.7948913574219,
      166.31231689453125,
      347.64434814453125
    ],
    [
      403.23089599609375,
      382.9017333984375,
      422.43109130859375,
      405.1640930175781
    ]
  ],
  "42.jpg": [],
  "43.jpg": [],
  "44.jpg": [
    [
      354.5713806152344,
      373.3387756347656,
      391.39697265625,
      418.3106384277344
    ]
  ],
  "45.jpg": [
    [
      521.1215209960938,
      358.7208251953125,
      536.9605712890625,
      376.9372863769531
    ]
  ],
  "46.jpg": [],
  "47.jpg": [],
  "48.jpg": [],
  "49.jpg": [],
  "5.jpg": [
    [
      974.0196533203125,
      264.4150390625,
      1021.1583251953125,
      348.9862365722656
    ]
  ],
  "50.jpg": [],