{
  "1.jpg": [
    [
      828.450439453125,
      270.44891357421875,
      921.0467529296875,
      373.83453369140625
    ],
    [
      494.17315673828125,
      342.0404052734375,
      517.5640258789062,
      370.6092529296875
    ],
    [
      564.5361328125,
      345.7713317871094,
      582.4863891601562,
      370.8186950683594
    ]
  ],
  "10.jpg": [],
  "100.jpg": [
    [
      492.6435241699219,
      449.7488708496094,
      507.1847839355469,
      466.91033935546875
    ]
  ],
  "11.jpg": [
    [
      575.0308227539062,
      399.367919921875,
      594.6504516601562,
      421.5297546386719
    ],
    [
      724.2186889648438,
      370.0365905761719,
      746.48876953125,
      399.6427001953125
    ],
    [
      670.0535888671875,
      370.3857727050781,
      689.7049560546875,
      392.33453369140625
    ],
    [
      394.3458557128906,
      377.106201171875,
      415.065673828125,
      403.671630859375
    ],
    [
      533.1929321289062,
      396.28887939453125,
      547.8441162109375,
      413.6937255859375
    ]
  ],
  "12.jpg": [
    [
      159.5926971435547,
      327.81463623046875,
      197.01116943359375,
      372.489990234375
    ]
  ],
  "13.jpg": [
    [
      364.9554138183594,
      365.3368835449219,
      399.0481262207031,
      415.8248596191406
    ],
    [
      209.00648498535156,
      432.2548522949219,
      228.7882080078125,
      459.7571716308594
    ]
  ],
  "14.jpg": [],
  "15.jpg": [],
  "16.jpg": [
    [
      856.3778686523438,
      337.3970642089844,
      903.37158203125,
      407.88763427734375
    ],
    [
      613.1839599609375,
      349.1631774902344,
      631.0388793945312,
      375.8376770019531
    ],
    [
      679.9169921875,
      346.9920349121094,
      703.129638671875,
      373.7648010253906
    ]
  ],
  "17.jpg": [
    [
      353.5947265625,
      392.9989929199219,
      369.5245056152344,
      413.4790954589844
    ],
    [
      248.2019500732422,
      379.6007080078125,
      265.3095703125,
      399.6528625488281
    ],
    [
      396.2347106933594,
      386.3539733886719,
      408.34918212890625,
      401.5809020996094
    ]
  ],
  "18.jpg": [],
  "19.jpg": [
    [
      595.0397338867188,
      314.29931640625,
      628.7881469726562,
      355.546875
    ],
    [
      178.01205444335938,
      375.5812072753906,
      199.1703338623047,
      399.4168395996094
    ],
    [
      229.83859252929688,
      353.9504089355469,
      249.3660430908203,
      379.4523010253906
    ],
    [
      16.81519889831543,
      346.8214111328125,
      35.56226348876953,
      375.1377868652344
    ],
    [
      406.1805419921875,
      324.35833740234375,
      427.328369140625,
      348.2473449707031
    ]
  ],
  "2.jpg": [
    [
      752.5259399414062,
      404.2747802734375,
      782.6187133789062,
      443.1114807128906
    ],
    [
      812.4786987304688,
      417.7005920410156,
      836.2301025390625,
      452.0611572265625
    ],
    [
      512.5401611328125,
      425.9901123046875,
      531.0436401367188,
      450.0226745605469
    ],
    [
      415.19781494140625,
      431.8827819824219,
      428.7347412109375,
      448.6487121582031
    ]
  ],
  "20.jpg": [],
  "21.jpg": [
    [
      112.50962829589844,
      151.20559692382812,
      214.1935577392578,
      309.92572021484375
    ]
  ],
  "22.jpg": [
    [
      432.9567565917969,
      380.7080078125,
      456.6692810058594,
      408.66351318359375
    ],
    [
      341.9827575683594,
      359.8946533203125,
      363.2577819824219,
      383.9012145996094
    ]
  ],
  "23.jpg": [
    [
      190.69410705566406,
      406.0113525390625,
      219.02479553222656,
      436.4615783691406
    ],
    [
      327.2777404785156,
      429.7484436035156,
      353.8179931640625,
      464.375244140625
    ],
    [
      26.84881591796875,
      420.49676513671875,
      50.05666732788086,
      447.77056884765625
    ],
    [
      423.3991394042969,
      440.6003112792969,
      434.851318359375,
      454.95330810546875
    ]
  ],
  "24.jpg": [],
  "25.jpg": [
    [
      564.2658081054688,
      344.75286865234375,
      606.1807861328125,
      397.64227294921875
    ],
    [
      688.20263671875,
      402.90814208984375,
      720.349365234375,
      445.1188049316406
    ],
    [
      319.9443359375,
      427.3838806152344,
      335.4320068359375,
      449.57623291015625
    ]
  ],
  "26.jpg": [],
  "27.jpg": [
    [
      534.8080444335938,
      375.6119689941406,
      551.3634643554688,
      397.15667724609375
    ],
    [
      426.08648681640625,
      379.2992858886719,
      444.3896789550781,
      404.50048828125
    ],
    [
      458.90277099609375,
      364.070556640625,
      477.629150390625,
      389.289794921875
    ]
  ],
  "28.jpg": [],
  "29.jpg": [
    [
      176.75514221191406,
      461.3628234863281,
      199.3016815185547,
      486.4046936035156
    ]
  ],
  "3.jpg": [],
  "30.jpg": [
    [
      462.69671630859375,
      310.9986877441406,
      485.2690734863281,
      338.5057373046875
    ],
    [
      423.4638977050781,
      311.2995910644531,
      441.0976257324219,
      332.2291259765625
    ]
  ],
  "31.jpg": [],
  "32.jpg": [],
  "33.jpg": [],
  "34.jpg": [
    [
      388.12103271484375,
      419.7400207519531,
      403.2427978515625,
      438.851318359375
    ]
  ],
  "35.jpg": [
    [
      427.462646484375,
      331.1467590332031,
      437.1898498535156,
      343.2428283691406
    ]
  ],
  "36.jpg": [],
  "37.jpg": [],
  "38.jpg": [
    [
      306.8435974121094,
      440.69207763671875,
      325.68310546875,
      462.3602600097656
    ],
    [
      274.8741149902344,
      440.0642395019531,
      292.48504638671875,
      460.0052795410156
    ]
  ],
  "39.jpg": [
    [
      480.46795654296875,
      375.0364990234375,
      493.8457946777344,
      392.14019775390625
    ],
    [
      407.6502380371094,
      369.2932434082031,
      422.9527282714844,
      388.4751281738281
    ]
  ],
  "4.jpg": [
    [
      582.7855224609375,
      312.0032958984375,
      613.0523071289062,
      349.8952331542969
    ],
    [
      698.0841674804688,
      311.3645935058594,
      721.1658325195312,
      344.6564636230469
    ],
    [
      447.0050964355469,
      307.5458984375,
      471.9946594238281,
      334.71844482421875
    ],
    [
      402.3863525390625,
      325.9501953125,
      422.7840270996094,
      349.0904846191406
    ]
  ],
  "40.jpg": [
    [
      424.4378967285156,
      313.8099670410156,
      437.1834716796875,
      329.572021484375
    ]
  ],
  "41.jpg": [
    [
      58.75337219238281,
      333.55609130859375,
      81.11686706542969,
      362.237060546875
    ],
    [
      290.229248046875,
      319.2831115722656,
      315.5232238769531,
      348.62567138671875
    ],
    [
      142.3428497314453,
      313.31298828125,
      166.06434631347656,
      348.3623352050781
    ],
    [
      403.8090515136719,
      381.1798095703125,
      424.4264831542969,
      405.2280578613281
    ]
  ],
  "42.jpg": [],
  "43.jpg": [],
  "44.jpg": [],
  "45.jpg": [
    [
      521.137939453125,
      358.8227233886719,
      536.9314575195312,
      376.5478210449219
    ]
  ],
  "46.jpg": [],
  "47.jpg": [],
  "48.jpg": [],
  "49.jpg": [],
  "5.jpg": [
    [
      974.3865356445312,
      264.7488708496094,
      1019.1319580078125,
      341.56085205078125
    ],
    [
      1043.6173095703125,
      308.89031982421875,
      1072.65234375,
      345.68231201171875
    ]
  ],
  "50.jpg": [],
  "51.jpg": [
    [
      539.8494262695312,
      348.1904602050781,
      568.6520385742188,
      383.8085632324219
    ]
  ],
  "52.jpg": [],
  "53.jpg": [],
  "54.jpg": [],
  "55.jpg": [
    [
      24.188329696655273,
      361.5199890136719,
      46.9005012512207,
      396.1752624511719
    ]
  ],