{
  "1.jpg": [
    [
      827.8831176757812,
      269.65380859375,
      920.7923583984375,
      373.9250183105469
    ],
    [
      494.0401916503906,
      341.7360534667969,
      517.9020385742188,
      370.913330078125
    ],
    [
      564.5674438476562,
      345.9786071777344,
      582.4485473632812,
      370.7897644042969
    ]
  ],
  "10.jpg": [],
  "100.jpg": [
    [
      492.1842346191406,
      449.90924072265625,
      507.2110290527344,
      467.8318786621094
    ]
  ],
  "11.jpg": [
    [
      574.6828002929688,
      398.814208984375,
      594.8660888671875,
      421.596435546875
    ],
    [
      669.782958984375,
      370.2058410644531,
      689.7398071289062,
      392.2853698730469
    ],
    [
      724.5330810546875,
      370.37823486328125,
      746.6000366210938,
      399.3540344238281
    ],
    [
      393.7635498046875,
      376.42388916015625,
      415.1481628417969,
      403.5421142578125
    ],
    [
      533.1124267578125,
      395.6329040527344,
      548.3331909179688,
      414.4556579589844
    ]
  ],
  "12.jpg": [
    [
      159.8023681640625,
      328.2360534667969,
      197.07998657226562,
      372.4630126953125
    ]
  ],
  "13.jpg": [
    [
      209.113037109375,
      431.42034912109375,
      228.46945190429688,
      459.6445617675781
    ],
    [
      365.1323547363281,
      365.76177978515625,
      399.2017517089844,
      415.9619445800781
    ]
  ],
  "14.jpg": [],
  "15.jpg": [],
  "16.jpg": [
    [
      856.4410400390625,
      337.3878173828125,
      903.6202392578125,
      407.5341491699219
    ],
    [
      613.761474609375,
      348.81341552734375,
      631.375732421875,
      375.5835876464844
    ],
    [
      680.6192016601562,
      347.8922424316406,
      703.2112426757812,
      373.08953857421875
    ]
  ],
  "17.jpg": [
    [
      248.29409790039062,
      378.80828857421875,
      266.1031188964844,
      400.0073547363281
    ],
    [
      354.3440246582031,
      392.5674743652344,
      370.07171630859375,
      412.9925842285156
    ],
    [
      396.83795166015625,
      386.9241638183594,
      408.9460754394531,
      402.12615966796875
    ]
  ],
  "18.jpg": [],
  "19.jpg": [
    [
      594.8339233398438,
      314.33819580078125,
      628.3327026367188,
      355.58843994140625
    ],
    [
      229.95693969726562,
      354.5765686035156,
      250.25758361816406,
      379.2797546386719
    ],
    [
      178.19305419921875,
      375.4906005859375,
      199.68910217285156,
      399.0766296386719
    ],
    [
      17.389690399169922,
      347.4155578613281,
      36.97873306274414,
      374.2962646484375
    ]
  ],
  "2.jpg": [
    [
      752.6552734375,
      404.1993713378906,
      782.330322265625,
      443.0742492675781
    ],
    [
      812.243896484375,
      416.8489685058594,
      836.1332397460938,
      452.18035888671875
    ],
    [
      512.0844116210938,
      426.09027099609375,
      530.6389770507812,
      450.1256103515625
    ],
    [
      414.6839904785156,
      431.21221923828125,
      428.35748291015625,
      448.71649169921875
    ]
  ],
  "20.jpg": [],
  "21.jpg": [
    [
      110.3802261352539,
      148.9676513671875,
      214.76412963867188,
      310.6356201171875
    ]
  ],
  "22.jpg": [
    [
      432.899169921875,
      380.4389343261719,
      456.8521423339844,
      409.2191467285156
    ],
    [
      342.3887634277344,
      359.9583435058594,
      363.63446044921875,
      383.93585205078125
    ]
  ],
  "23.jpg": [
    [
      190.8131866455078,
      405.67388916015625,
      219.22569274902344,
      436.50921630859375
    ],
    [
      327.29315185546875,
      428.935302734375,
      352.9985656738281,
      463.6397705078125
    ],
    [
      26.460140228271484,
      420.9462890625,
      50.18191146850586,
      448.0439758300781
    ],
    [
      423.9512939453125,
      440.477294921875,
      434.880859375,
      454.2701416015625
    ]
  ],
  "24.jpg": [],
  "25.jpg": [
    [
      563.37548828125,
      343.94403076171875,
      606.4873657226562,
      397.9403381347656
    ],
    [
      688.7244262695312,
      403.0875549316406,
      720.1643676757812,
      445.0538024902344
    ]
  ],
  "26.jpg": [],
  "27.jpg": [
    [
      534.5424194335938,
      376.00079345703125,
      550.6930541992188,
      397.1964416503906
    ],
    [
      459.1754150390625,
      364.1358947753906,
      478.4445495605469,
      389.60174560546875
    ],
    [
      426.09161376953125,
      379.7557678222656,
      445.2271728515625,
      404.9038391113281
    ]
  ],
  "28.jpg": [],
  "29.jpg": [
    [
      176.70669555664062,
      460.75146484375,
      199.5480194091797,
      486.5534973144531
    ],
    [
      360.4004821777344,
      452.3907165527344,
      370.56341552734375,
      464.77972412109375
    ]
  ],
  "3.jpg": [],
  "30.jpg": [
    [
      462.5498046875,
      310.7889099121094,
      485.00994873046875,
      338.55084228515625
    ],
    [
      423.3365783691406,
      311.0857238769531,
      441.27032470703125,
      332.2869873046875
    ]
  ],
  "31.jpg": [],
  "32.jpg": [],
  "33.jpg": [
    [
      261.9332580566406,
      327.2812194824219,
      300.8398742675781,
      375.2012023925781
    ]
  ],
  "34.jpg": [
    [
      388.2297058105469,
      419.39312744140625,
      404.04925537109375,
      438.898681640625
    ]
  ],
  "35.jpg": [
    [
      428.0604248046875,
      330.9513244628906,
      437.4693603515625,
      342.6834716796875
    ]
  ],
  "36.jpg": [],
  "37.jpg": [],
  "38.jpg": [
    [
      307.3065185546875,
      440.7930603027344,
      325.5659484863281,
      462.10882568359375
    ],
    [
      274.8343200683594,
      440.1275939941406,
      292.30328369140625,
      460.3248596191406
    ]
  ],
  "39.jpg": [
    [
      480.5025939941406,
      375.2049255371094,
      493.91949462890625,
      392.11907958984375
    ],
    [
      407.984375,
      369.5666809082031,
      422.67657470703125,
      388.0014953613281
    ],
    [
      519.6851196289062,
      376.8495178222656,
      531.9007568359375,
      392.1419372558594
    ]
  ],
  "4.jpg": [
    [
      583.5384521484375,
      312.6830139160156,
      613.1781616210938,
      350.2366638183594
    ],
    [
      698.27734375,
      311.1800537109375,
      721.2037353515625,
      345.82061767578125
    ],
    [
      446.7423400878906,
      307.9670715332031,
      470.6918640136719,
      334.53033447265625
    ],
    [
      401.6960754394531,
      326.4048767089844,
      421.92486572265625,
      349.1066589355469
    ]
  ],
  "40.jpg": [
    [
      424.4127197265625,
      313.6784973144531,
      437.40020751953125,
      329.6919860839844
    ]
  ],
  "41.jpg": [
    [
      58.888248443603516,
      333.8153076171875,
      81.58766174316406,
      362.0175476074219
    ],
    [
      290.916748046875,
      319.1203308105469,
      315.72027587890625,
      349.0620422363281
    ],
    [
      142.6869354248047,
      312.52392578125,
      165.89987182617188,
      346.5880432128906
    ],
    [
      403.80914306640625,
      380.7434997558594,
      424.5747985839844,
      404.9116516113281
    ],
    [
      346.0948791503906,
      350.21875,
      361.7147216796875,
      367.9431457519531
    ]
  ],
  "42.jpg": [],
  "43.jpg": [],
  "44.jpg": [
    [
      355.2829284667969,
      372.8994140625,
      391.191162109375,
      418.2068786621094
    ]
  ],
  "45.jpg": [
    [
      521.0241088867188,
      358.3744201660156,
      536.5439453125,
      376.34783935546875
    ]
  ],
  "46.jpg": [],
  "47.jpg": [],
  "48.jpg": [],
  "49.jpg": [],
  "5.jpg": [
    [
      974.008056640625,
      264.4457702636719,
      1019.30859375,
      341.4588317871094
    ],
    [
      1038.9896240234375,
      307.1562805175781,
      1073.14208984375,
      351.7346496582031
    ]
  ],
  "50.jpg": [],